The Democrats just don‚Äôt seem to want Border Security. They are fighting Border Agents recommendations. If you beli‚Ä¶ https://t.co/fred0fCHLU,"@realDonaldTrump @ericnynj God bless you, Mr. President!",@realDonaldTrump What would stop someone from simply taking your wall down once your presidency ends? Try and focus‚Ä¶ https://t.co/VoPPCWW1EH,@realDonaldTrump Sign of a big baby!!!,@realDonaldTrump https://t.co/Tw5ogUcveb,@realDonaldTrump Let's stop trying to reason with the insane!,,,,,,,,,,,,,,,,,,,,,,,,,,,,,,,,,,,,,,,,,,,,,,,,,,,,,,,,,,,,,,,,,,,,,,,,,,,,,,,,,,,,,,,,,,,,,,,,,,,,,,,,,,,,,,,,,,,,,,,,,,,,,,,,,,,,,,,,,,,,,,,,,,,,,,,,,,,,,,,,,,,,,,,,,,,,,,,,,,,,,,,,,,,,,,,,,,,,,,,,,,,,,,,,,,,,,,,,,,,,,,,,,,,,,,,,,,,,,,,,,,,,,,,,,,,,,,,,,,,,,,,,,,,,,,,,,,,,,,,,,,,,,,,,,,,,,,,,,,,,,,,,,,,,,,
The Democrats just don‚Äôt seem to want Border Security. They are fighting Border Agents recommendations. If you beli‚Ä¶ https://t.co/fred0fCHLU,"@realDonaldTrump @ericnynj God bless you, Mr. President!",@realDonaldTrump What would stop someone from simply taking your wall down once your presidency ends? Try and focus‚Ä¶ https://t.co/VoPPCWW1EH,@realDonaldTrump Sign of a big baby!!!,@realDonaldTrump https://t.co/Tw5ogUcveb,@realDonaldTrump Let's stop trying to reason with the insane!,@realDonaldTrump Resign.,@realDonaldTrump Amen President Trump.,@realDonaldTrump https://t.co/Sg7Qc964Nv,@realDonaldTrump This again? Broken record Dotard.,@realDonaldTrump No. It. Won‚Äôt. #patheticpresident,@realDonaldTrump BUILD it!,"@realDonaldTrump Any good leader knows that unitied we stand divided we fall. So why ,if you are the great leader t‚Ä¶ https://t.co/DL0pB6INSt",@realDonaldTrump It‚Äôs funny that these same retards say ‚ÄúWall too expensive!‚Äù but are literally wanting to build a sea train,"@realDonaldTrump Get it thru your thick head, the Wall is not the same as border security. Democrats all want borde‚Ä¶ https://t.co/GpdXYiHzHu",@realDonaldTrump You literally have a congresswoman demanding the defunding of DHS so NO they don't care about border security.,"@realDonaldTrump ""If we believe news reports?"" We do believe news reports. You know, Maddow, O'Donnell, Melber. The‚Ä¶ https://t.co/ZM9h1ge9Ew","@realDonaldTrump Most common sense Americans agree (Poll)). Libs, with open borders, want to throw poorest Blacks,‚Ä¶ https://t.co/Fwc9DhxjLj",@realDonaldTrump It's time to forget the dems.and just do it.,"@realDonaldTrump NO, It actually won‚Äôt.","@realDonaldTrump Êó•Êú¨„Åã„Çâ„ÄÇ
ÁßªÊ∞ë„ÅÆÂõΩ„Å®„Åï„Çå„Å¶„ÅÑ„Çã
„Ç¢„É°„É™„Ç´ÂêàË°ÜÂõΩ„ÅßÂ∫¶„ÄÖË≠∞Ë´ñ„Å´„Å™„ÇãÂ£Å„Åß„Åô„Åå„ÄÅÊ†πÊú¨ÁöÑ„Å™ÂïèÈ°å„ÅØ„Ç¢„É°„É™„Ç´„Å´ÂÖ•„Çç„ÅÜ„Å®„Åô„Çã‰ªñÂõΩ„ÅÆÊôØÊ∞ó„ÇÑÂõΩÊîø„ÅÆË≤¨‰ªª„Å™„ÅÆ„Å´ „ÄåËá™ÂàÜ„Åü„Å°„ÅÆÂõΩ„ÇíËâØ„Åè„Åó„Çà„ÅÜ‚ùó„Äç„Å®„Åõ„Åö„ÄÇÂÖ•ÂõΩ„Åï„Åõ„Å™„ÅÑÊîøÂ∫ú„Çí‚Ä¶ https://t.co/DxMUBt1P31",@realDonaldTrump #Trump2020,"@realDonaldTrump You had 2 years of Republican controlled Congress.
Why is the vanity wall suddenly a crisis, other‚Ä¶ https://t.co/Rloz1eLMoL",@realDonaldTrump @realDonaldTrump I keep warning you about sitting on that damn wall #humptydumpty,@realDonaldTrump Because they will lose millions of votes. If you succeed with a voter ID requirement they lose many millions more.,"@realDonaldTrump No it won't donny. You know this, Congress knows this and Democrats know this. When you be honest and tell your base?",@realDonaldTrump Thank You!!!!!,"@realDonaldTrump Over your dead body , hopefully ! ü§û","@realDonaldTrump Kindness and compassion first, security comes after.",@realDonaldTrump Says the guy who fights intelligence reporting. And is clinging to a stupid campaign issue he used‚Ä¶ https://t.co/3pFVkwvkf5,@realDonaldTrump Not on your watch,@realDonaldTrump The real issue lays in immigration laws not funding follow the process of an illegal immigrants an‚Ä¶ https://t.co/JaFsuiwXFw,"@realDonaldTrump @joseph_torba It absolutely must!

NO ROOM FOR DISCUSSION- DEMS DOING ALL OUT OF SPITE.",@realDonaldTrump No it won't. Signed: We The People.,"@realDonaldTrump Thanks to you, hundreds of Mexican children will probably never see their parents again.  Thanks t‚Ä¶ https://t.co/v4W8IUKD3P",@realDonaldTrump https://t.co/Dm4uYmhAzN,@realDonaldTrump Build it! #MAGA #BuildTheWall #BuildtheWallCrimeWillFall,"@realDonaldTrump So...done retweeting other idiots for awhile? Fine.
Oh...and you'll get your wall - around YOU! üòä",@realDonaldTrump yeah we'll build a wall around you as soon as Mueller is done with his investigation and the Democ‚Ä¶ https://t.co/GAlSmuz1Vk,@realDonaldTrump I love my President üòä,@realDonaldTrump No you‚Äôre using it as a campaign issue to please your base. Stop projecting!  Democrats would not‚Ä¶ https://t.co/MxfyAknt2V,@realDonaldTrump It's TIme! https://t.co/guQB5zgS8a,"@realDonaldTrump ""We will build the wall, and MEXICO WILL PAY FOR IT"".
Any other option is unacceptable.",@realDonaldTrump https://t.co/Q2y6COc6Zr,"@realDonaldTrump Dems, do not read this it will hurt your atheistic feelers. https://t.co/YPp5yeJ8sP",@realDonaldTrump @LisaMei62 https://t.co/yh17QvCTpW,"@realDonaldTrump I've got faith in your abilities. Haven't let me down yet.
This 2020 election is going to be a pop‚Ä¶ https://t.co/t5bfNromSG",,,,,,,,,,,,,,,,,,,,,,,,,,,,,,,,,,,,,,,,,,,,,,,,,,,,,,,,,,,,,,,,,,,,,,,,,,,,,,,,,,,,,,,,,,,,,,,,,,,,,,,,,,,,,,,,,,,,,,,,,,,,,,,,,,,,,,,,,,,,,,,,,,,,,,,,,,,,,,,,,,,,,,,,,,,,,,,,,,,,,,,,,,,,,,,,,,,,,,,,,,,,,,,,,,,,,,,,,,,,,,,,,,,,,,,,,,,,,,,,,,,,,,,,,,,,,,,,,,,,,,,,,,,,,
The Democrats just don‚Äôt seem to want Border Security. They are fighting Border Agents recommendations. If you beli‚Ä¶ https://t.co/fred0fCHLU,@realDonaldTrump My plan: build a big box. Lock you in it. Fling that shit into space.,@realDonaldTrump @The_Trump_Train Build the wall!!! What we waiting for,@realDonaldTrump You don't understand properly run government!,"@realDonaldTrump You‚Äôll be long gone out of office by the time that happens, fat boy.","@realDonaldTrump Or so you think...
Must be what Putin wants though...",@realDonaldTrump Tedious crap.,@realDonaldTrump Get -r- done,@realDonaldTrump Try to climb out of the dark ages and admit that your wall is outdated and NOT going to happen!,@realDonaldTrump EVEN YOUR STATE OF THE UNION SPEECH HAD THR WRONG FACTS AND NUMBERS YOU ARE JUST A LIAR...I HOPE T‚Ä¶ https://t.co/qlmRSqiPbc,@realDonaldTrump Donald Trump is TRUE leadership. MAGA.,@realDonaldTrump https://t.co/I314SbUo5o,@realDonaldTrump https://t.co/JgicY6FUqh,@realDonaldTrump One big lie.,@realDonaldTrump https://t.co/utyBeuOvzB,"@realDonaldTrump Ummm, didn‚Äôt you tell us not to believe news reports?",@realDonaldTrump We want smart security.,@realDonaldTrump @HLAurora63 Do Not Sign anything not funding the wall.  PeLousy is not the boss and needs to learn that!,"@realDonaldTrump Do you know Fox-news is almost as bad at the truth as you? Caravan, Caravan!!!  Illegals coming ac‚Ä¶ https://t.co/n8Oa0BPL4h",@realDonaldTrump https://t.co/oJUEC1FUPx,@realDonaldTrump 6 billion or shut it down and keep it shut down.,@realDonaldTrump No it won‚Äôt.,"@realDonaldTrump Democrats are stuck between a wall and a hard place, Build wall cut off cartel laundered cash flow‚Ä¶ https://t.co/P33rPpa3fx","@realDonaldTrump We trust you mr. President, stand your ground, they are fools, we need that wall or we can kiss our country goodbye!",@realDonaldTrump Build the wall !!,@realDonaldTrump Didn't you make it a campaign issue when you were running for president?,@realDonaldTrump Please just build it and I will send my üí∞,"@realDonaldTrump Democrats want border security.  They don't want a ""wall"" YOU PROMISED MEXICO WOULD PAY FOR.  Grow up.  #LyinTrump",@realDonaldTrump #MuellerIsComingForYou,@realDonaldTrump I love that you will build our wall for we the people !,"@realDonaldTrump Fine, so long as Mexico pays for it like you promised.",@realDonaldTrump Flashback POTUS.   üá∫üá∏üá∫üá∏üá∫üá∏üá∫üá∏https://t.co/gkAW9D4sph,"@realDonaldTrump It‚Äôs been proven, in the past 2 weeks, a wall will not solve the border issue. Or drugs, just like‚Ä¶ https://t.co/ucXij1vvPu",@realDonaldTrump BUILD THE WALL!,@realDonaldTrump Go get them Mr President! Build That Wall! We are all behind you sir!,@realDonaldTrump Why not hire more agents so the CBP are fully staffed versus building a damn wall/barrier?,@realDonaldTrump #TrumpRussia. #Obstruction. #SelfDealing. All crimes. Tick tock.,@realDonaldTrump I thought news reports were fake news,@realDonaldTrump Thank You üá∫üá∏‚úÖüá∫üá∏ https://t.co/Yzlif1SOpF,@realDonaldTrump At least the democrats are meeting with the top border personnel and corps of engineers and expert‚Ä¶ https://t.co/d6xzle0r7U,@realDonaldTrump They want s Green Wall a beautiful big Hedge,@realDonaldTrump @POTUS Yes it will Mr. President.  Show them!,@realDonaldTrump —Ä—É—Å—Å–∫–∞—è —Å—É–∫–∞,"@realDonaldTrump We know what Crooked Donnie wants, his vanity wall because he made a stupid campaign promise. Has‚Ä¶ https://t.co/D8Z0l9JWJ0",@realDonaldTrump We need to do what the border patrol and Homeland recommends. Period ! Keep politics out of it and‚Ä¶ https://t.co/4mgF3CQj4q,"@realDonaldTrump Please, Mr. President, build the wall in spite of these nay sayers, who are just looking for votes‚Ä¶ https://t.co/XMyvKlQ0tl","@realDonaldTrump president donald j trump, my wife left me for a man named juan hernandez. please help me fix my li‚Ä¶ https://t.co/dTDKC1z20W",@realDonaldTrump You‚Äôll be long gone before you cause massive chaos (beyond what you‚Äôve already managed in record time).,"@realDonaldTrump Oh, your walls are coming. Maybe you'll share one of your walls with Jr. https://t.co/ShNR0VOGRw",@realDonaldTrump https://t.co/yrdPlsbK9R,@realDonaldTrump Hji,@realDonaldTrump Trump didn‚Äôt want border security the first two years in office. Why now?,"@realDonaldTrump Seriously, can you believe @IlhanMN actually said this?
A #Muslim #Communist wants to defund #DHS‚Ä¶ https://t.co/xPjQOk2Akf",@realDonaldTrump FUN FACT: THE WALL IS WASTE. What‚Äôs more intimidating a circling drone over your head with the sou‚Ä¶ https://t.co/EgsBj79mhf,,,,,,,,,,,,,,,,,,,,,,,,,,,,,,,,,,,,,,,,,,,,,,,,,,,,,,,,,,,,,,,,,,,,,,,,,,,,,,,,,,,,,,,,,,,,,,,,,,,,,,,,,,,,,,,,,,,,,,,,,,,,,,,,,,,,,,,,,,,,,,,,,,,,,,,,,,,,,,,,,,,,,,,,,,,,,,,,,,,,,,,,,,,,,,,,,,,,,,,,,,,,,,,,,,,,,,,,,,,,,,,,,,,,,,,,,,,,,,,,,,,,,,,,,,,,,,,,,,,,,,
The Democrats just don‚Äôt seem to want Border Security. They are fighting Border Agents recommendations. If you beli‚Ä¶ https://t.co/fred0fCHLU,@realDonaldTrump Yeah they do. They just want it in ways that will actually work. The vast majority of illegal immi‚Ä¶ https://t.co/BWnUgmo9Fl,@realDonaldTrump Stop lying or we limit your TV time. https://t.co/xYXDYnZhtx,"@realDonaldTrump How about sticking to what you promised and have Mexico build the wall. I mean, for almost 3 years‚Ä¶ https://t.co/qaVCWG8eZN","@realDonaldTrump @The_Trump_Train Sir, you have been most gracious to this Congress. Yet all they do is hate on you‚Ä¶ https://t.co/gPuN9LlYIl",@realDonaldTrump Hahahahahaha! Love this guy! @realDonaldTrump @dbongino @qanon76 conspiracy theories for all occasions!,@realDonaldTrump Traitor,@realDonaldTrump Did Mexico finally send the check? You didn't campaign that we the American people would pay for t‚Ä¶ https://t.co/KxdDx12Hyt,@realDonaldTrump USA's enemies have tried so hard to stop USA to be MAGA. Bad congresswomen + badcongressmen + bad‚Ä¶ https://t.co/5hfFgsGTCa,@realDonaldTrump Please make it sooner rather than later!,"@realDonaldTrump You have NO CREDIBILITY, NO ONE BELIEVES ANYTHING YOU SAY. When you talk all we hear is blah, blah,  blah!!!",@realDonaldTrump Remember that time you ignored scientist's and the rest of the world's recommendation about climate change?,@realDonaldTrump No WALL I don't care if you pay for it!!!  NO WALL,@realDonaldTrump National Emergency!!! The governor of New Mexico is just letting in the drugs and tape wrapped kid‚Ä¶ https://t.co/rjCL4Hq916,"@realDonaldTrump Looks like your on the losing end of all negotiations. Border wall, North Korea and China are all‚Ä¶ https://t.co/BG07spJlFc",@realDonaldTrump @HJLH2Ocolors #JFDI,"@realDonaldTrump Manfort, Flynn, Gates, Cohen, Pecker, Stone. Who's next? Javanka? Don Jr.? #PutinsPuppet #TrumpCrimeFamily",@realDonaldTrump https://t.co/pcsF9sjNLm,@realDonaldTrump https://t.co/3foBIXYtxs,@realDonaldTrump U made it a campaign issue w/too much fictional info as usual. U are trying to make it a emergency‚Ä¶ https://t.co/GqHNg8rE1K,@realDonaldTrump With all due respect.......IT BETTER get built sir,@realDonaldTrump In your campaign you promised to build the wall and get Mexico to pay for it???. Or was that just‚Ä¶ https://t.co/iP1btq2TlZ,@realDonaldTrump Yeah sure Mr. Gobbler.,"@realDonaldTrump Resign.

#TrumpResignNow","@realDonaldTrump .....the effect of a wall on wetlands and nature preserves, species extinction or endangerment,  t‚Ä¶ https://t.co/ROPhh4rQKb",@realDonaldTrump Mexico will pay for the wall. Trump promised. He doesn't lie does he? https://t.co/fu9bWsWkpu,@realDonaldTrump I stand with Trump. #BuildTheWall,@realDonaldTrump So shut up &amp; build it.,@realDonaldTrump yes,"@realDonaldTrump They want votes in perpetuity, I want the poor poor, they want the homeless homeless they want dep‚Ä¶ https://t.co/FIbrag23N7",@realDonaldTrump No it won't get built. We don't want the wall,"@realDonaldTrump Like most issues, Mr. President, border security is complex. While portions of our southern border‚Ä¶ https://t.co/3qj8mxilxM",@realDonaldTrump Why do you insist on lieing about the Dems ans every thing else you talk about.. Do you or can you‚Ä¶ https://t.co/yrjCXyEg4K,"@realDonaldTrump ""Following an investigation, federal authorities in Australia this week arrested two U.S. citizens‚Ä¶ https://t.co/TBxHYYYxwu",@realDonaldTrump No there will never be a wall.   Ever. #NoWallNoCompromise,@realDonaldTrump We needed the wall about 10 years ago! It's a nightmare what is being allowed to happen to our country!,@realDonaldTrump Why are all these Dims too stupid to realize that High Tech won't stop them from crossing. So you‚Ä¶ https://t.co/j5Vgs6QHre,"@realDonaldTrump Sir, there may be fencing but I doubt you‚Äôll see your silly, useless and racist wall. On another n‚Ä¶ https://t.co/drmcnPKBpt","@realDonaldTrump hey @realDonaldTrump I seem to remember ""Who's gonna pay for the wall?  Mexico's gonna pay for the wall.""  What happened?","@realDonaldTrump Remember, this is your kids role model. Every wants to grow up to be the President https://t.co/62goVLlA2j",@realDonaldTrump Why we want to help someone whose son is about to be impeached,@realDonaldTrump Stop being a divider. You owned congress for two years and where was your precious wall then? Sorr‚Ä¶ https://t.co/Pb0iTReeDT,@realDonaldTrump We don't need the damn wall@!!!!!!!,@realDonaldTrump Stand strong.,@realDonaldTrump #PelosiSchumerShutDown,@realDonaldTrump https://t.co/nsr1IpRW6g,@realDonaldTrump A lot of people will gladly pay and built this wall https://t.co/KC4fXPZjYi,"@realDonaldTrump Oh my! Despite all the stats ""our"" government provides. Despite having people who have worked for‚Ä¶ https://t.co/JwxIhYGw5Z",@realDonaldTrump Spoiler:  No it won't.,@realDonaldTrump A bag of Legos is the best thing to a wall you‚Äôre getting.  Go work out a deal with Mexico ‚ÄúMr dea‚Ä¶ https://t.co/JPYad9ZaKV,@realDonaldTrump Average tax refund down 8% so far this season  @CNN https://t.co/zw6nlM6s06,"@realDonaldTrump So typical of them, to go against the Border Security Agents who actually KNOW what goes on at the‚Ä¶ https://t.co/w6fWjzVnPM",@realDonaldTrump https://t.co/h8zvULw0qx,@realDonaldTrump Quit waiting on the Dems! Work around them president Trump! You have other ways to get the money!‚Ä¶ https://t.co/0xVLPqDpFE,"@realDonaldTrump They want border security , not a ""wall"" that won't do shitüòä",@realDonaldTrump I thought we weren't supposed to believe the news.,"@realDonaldTrump Call Mexico like you promised, not American taxpayers. 

You already screwed majority of Americans with your #TaxScam","@realDonaldTrump As badass @SpeakerPelosi  said ""You are not getting your wall!"" You had 2 years to build your wall, genius.",@realDonaldTrump Your own party didn‚Äôt give you the funding because true Americans don‚Äôt want your little picket fence,@realDonaldTrump My son a carpenter said that going to california to be a carpenter is not a good idea because of a‚Ä¶ https://t.co/W0d9y5fLm8,@realDonaldTrump @Dylanesque2604 The Democrats Will Seal Their Losses For The 2020 Election By Refusing To Fund The‚Ä¶ https://t.co/nXTSkbfxm3,@realDonaldTrump Truly it is needed and our own verts and civilians need shelter and food and immigrants here and l‚Ä¶ https://t.co/SED74h1VJU,"@realDonaldTrump Just turn the military lose, they come ahead of schedule and under budget.",@realDonaldTrump No wall is needed since you‚Äôre the greatest threat to America and already in the country,@realDonaldTrump You know dems want border security but not your damn racist wall. But you know this... Fyi people know this too,@realDonaldTrump NO WALL,@realDonaldTrump Great! Just do it!,@realDonaldTrump No it won‚Äôt.,"@realDonaldTrump Mr. Trump, ask the Berliners. They know their way around walls. And everyone will tell you that yo‚Ä¶ https://t.co/78olh7dlRZ",@realDonaldTrump Have you actually seen what they are offering or are you just a poor excuse for a leader?,@realDonaldTrump Why are you stuck on a wall? If it was truly NECESSARY for the country's security you could make t‚Ä¶ https://t.co/6YjfagefBc,@realDonaldTrump You got your wall. #WhinyLittleBitch https://t.co/hhZScxmgW0,"@realDonaldTrump How many walls have been tworn down in the past wars the great Wall of china, the Berlin Wall, plu‚Ä¶ https://t.co/03ppDmiBdd",@realDonaldTrump https://t.co/ulyszQXvbl,@realDonaldTrump I thought you guaranteed the American people Mexico would pay for wall? You lied,@realDonaldTrump THANK YOU FOR EVERYTHING YOU  DO FOR US üëèüëèüôèüá∫üá∏,"@realDonaldTrump Border security yes, monuments to someones vanity, NO!",@realDonaldTrump F the wall.,@realDonaldTrump https://t.co/Z2wXorJ6SH,"@realDonaldTrump Has anyone even pointed out that you made a UUGE deal, using your live 10year old prop, about the‚Ä¶ https://t.co/ypU8Qekgh6",@realDonaldTrump Here's your wall...in orange https://t.co/FmCbbQCC8o,"@realDonaldTrump A little bird said Donald Jr, Jared and Ivanka are about to be indicted for charges of money laund‚Ä¶ https://t.co/hG0kUcE9eg",@realDonaldTrump True.,"@realDonaldTrump Dems are unable to build the wall for own country's security.
But they are going to run a train fr‚Ä¶ https://t.co/5mJ9KUsOof",@realDonaldTrump @The_Trump_Train They want to future voters and that‚Äôs exactly what they will get with any deal yo‚Ä¶ https://t.co/C3plZJEPP2,@realDonaldTrump Build the perfect wall for saving USA and Americans from illegal immigrants-aliens. It may 25 mill‚Ä¶ https://t.co/TL2A6BQ0JN,@realDonaldTrump Build the wall...lock her up in the wall...jails at thecwall to hold immigrant criminals...and det‚Ä¶ https://t.co/XupEFKHMP8,"@realDonaldTrump You think so? You try to go around Congress, and you can count the days you‚Äôll have left in office‚Ä¶ https://t.co/6jiZu3oJck",@realDonaldTrump Only you want border security,@realDonaldTrump Your wrong! They just dont want to pay for something YOU  SAID someone else was going to pay for! ONE and DONE,@realDonaldTrump https://t.co/LUhoR5tuYH,"@realDonaldTrump FACTS
#BEBEST
#Trump2020",@realDonaldTrump In your Dreams Donnie!,@realDonaldTrump You‚Äôre not even part of the negotiations because both parties know that you don‚Äôt take border secu‚Ä¶ https://t.co/sPWQO8c2WE,@realDonaldTrump @POTUS Mr president support my page instead https://t.co/XeK2wXqhXB,@realDonaldTrump Just STOP. You are so divisive. Didnt you just deliver a SOTU promoting unity? Yet here you are ag‚Ä¶ https://t.co/fXArhVJEEM,@realDonaldTrump THERE WILL BE NO WALL !!!.  Can you hear us now or is your hearing as poor as your negotiating skills?,@realDonaldTrump Authorities seize record-setting 1.7 tons of meth worth $1.29 billion at Los Angeles port - ABC Ne‚Ä¶ https://t.co/v74qNzep4L,@realDonaldTrump And you did not make this a campaign issue?,"@realDonaldTrump @The_Trump_Train Just do it, Mr. President! We got your back!!",@realDonaldTrump Build the wall. If Nancy Pelosi can have a wall or fence around her property she is a hypocrite fo‚Ä¶ https://t.co/lbc8H9q7hs,"@realDonaldTrump You said campaign issue, ha ha! #TrumpResign https://t.co/zVoG937bad",@realDonaldTrump https://t.co/iIgYIGA4FF,"@realDonaldTrump Mexico will pay, you lying sack of .... spray tan.",@realDonaldTrump Not true. Your way is not the only way.,@realDonaldTrump @WhiteHouse Not a racist wall. SAD you fired your golf course people.,@realDonaldTrump Legally?,@realDonaldTrump #FatBaby #LittleDonny,@realDonaldTrump We the people Know you always get the job done and the wall will get built,@realDonaldTrump @WhiteHouse You are twisted and a criminal. #impeachtraitortrump,"@realDonaldTrump Can‚Äôt we just offer thoughts and prayers to protect our border, the same way we protect our schools?",@realDonaldTrump Build the wall Sir,@realDonaldTrump You love wasting tax payers money . Start paying your own way when you fly to your hide out.,@realDonaldTrump Don't hold your breath.,"@realDonaldTrump You keep confusing Border Security with a wall, they are not the same thing.","@realDonaldTrump #BuildTheWall
#BuildTheWall
#BuildTheWall
#BuildTheWall
#BuildTheWall
#LiberalismIsAMentalDisease","@realDonaldTrump Yeah, Mexico will pay for it, right?",@realDonaldTrump Wish you may. Wish you might. But the wall will not be built.,@realDonaldTrump https://t.co/Nkq5ejRmFH,@realDonaldTrump Mr. president keep up the good work.,@realDonaldTrump No wall is needed period.,@realDonaldTrump https://t.co/hxijdQZTuo,"@realDonaldTrump I see it Mr president , now Obrador wants to convert Mexico in another communist country, just ima‚Ä¶ https://t.co/kMvtsQy3VI",@realDonaldTrump Mexico will pay. Mexico will pay. Mexico will pay. Mexico will pay. Mexico will pay. Mexico will p‚Ä¶ https://t.co/UQ6sccuv2H,"@realDonaldTrump Dude been through this tweeter analysis how many times! sentiment is the same as before the SOTU,‚Ä¶ https://t.co/XQ8zX8qGJ5",@realDonaldTrump My plan: build a big box. Lock you in it. Fling that shit into space.,@realDonaldTrump @The_Trump_Train Build the wall!!! What we waiting for,@realDonaldTrump You don't understand properly run government!,"@realDonaldTrump You‚Äôll be long gone out of office by the time that happens, fat boy.","@realDonaldTrump Or so you think...
Must be what Putin wants though...",@realDonaldTrump Tedious crap.,@realDonaldTrump Get -r- done,@realDonaldTrump Try to climb out of the dark ages and admit that your wall is outdated and NOT going to happen!,@realDonaldTrump EVEN YOUR STATE OF THE UNION SPEECH HAD THR WRONG FACTS AND NUMBERS YOU ARE JUST A LIAR...I HOPE T‚Ä¶ https://t.co/qlmRSqiPbc,@realDonaldTrump Donald Trump is TRUE leadership. MAGA.,@realDonaldTrump https://t.co/I314SbUo5o,@realDonaldTrump https://t.co/JgicY6FUqh,@realDonaldTrump One big lie.,@realDonaldTrump https://t.co/utyBeuOvzB,"@realDonaldTrump Ummm, didn‚Äôt you tell us not to believe news reports?",@realDonaldTrump We want smart security.,@realDonaldTrump @HLAurora63 Do Not Sign anything not funding the wall.  PeLousy is not the boss and needs to learn that!,"@realDonaldTrump Do you know Fox-news is almost as bad at the truth as you? Caravan, Caravan!!!  Illegals coming ac‚Ä¶ https://t.co/n8Oa0BPL4h",@realDonaldTrump https://t.co/oJUEC1FUPx,@realDonaldTrump 6 billion or shut it down and keep it shut down.,@realDonaldTrump No it won‚Äôt.,"@realDonaldTrump Democrats are stuck between a wall and a hard place, Build wall cut off cartel laundered cash flow‚Ä¶ https://t.co/P33rPpa3fx","@realDonaldTrump We trust you mr. President, stand your ground, they are fools, we need that wall or we can kiss our country goodbye!",@realDonaldTrump Build the wall !!,@realDonaldTrump Didn't you make it a campaign issue when you were running for president?,@realDonaldTrump Please just build it and I will send my üí∞,"@realDonaldTrump Democrats want border security.  They don't want a ""wall"" YOU PROMISED MEXICO WOULD PAY FOR.  Grow up.  #LyinTrump",@realDonaldTrump #MuellerIsComingForYou,@realDonaldTrump I love that you will build our wall for we the people !,"@realDonaldTrump Fine, so long as Mexico pays for it like you promised.",@realDonaldTrump Flashback POTUS.   üá∫üá∏üá∫üá∏üá∫üá∏üá∫üá∏https://t.co/gkAW9D4sph,"@realDonaldTrump It‚Äôs been proven, in the past 2 weeks, a wall will not solve the border issue. Or drugs, just like‚Ä¶ https://t.co/ucXij1vvPu",@realDonaldTrump BUILD THE WALL!,@realDonaldTrump Go get them Mr President! Build That Wall! We are all behind you sir!,@realDonaldTrump Why not hire more agents so the CBP are fully staffed versus building a damn wall/barrier?,@realDonaldTrump #TrumpRussia. #Obstruction. #SelfDealing. All crimes. Tick tock.,@realDonaldTrump I thought news reports were fake news,@realDonaldTrump Thank You üá∫üá∏‚úÖüá∫üá∏ https://t.co/Yzlif1SOpF,@realDonaldTrump At least the democrats are meeting with the top border personnel and corps of engineers and expert‚Ä¶ https://t.co/d6xzle0r7U,@realDonaldTrump They want s Green Wall a beautiful big Hedge,@realDonaldTrump @POTUS Yes it will Mr. President.  Show them!,@realDonaldTrump —Ä—É—Å—Å–∫–∞—è —Å—É–∫–∞,"@realDonaldTrump We know what Crooked Donnie wants, his vanity wall because he made a stupid campaign promise. Has‚Ä¶ https://t.co/D8Z0l9JWJ0",@realDonaldTrump We need to do what the border patrol and Homeland recommends. Period ! Keep politics out of it and‚Ä¶ https://t.co/4mgF3CQj4q,"@realDonaldTrump Please, Mr. President, build the wall in spite of these nay sayers, who are just looking for votes‚Ä¶ https://t.co/XMyvKlQ0tl","@realDonaldTrump president donald j trump, my wife left me for a man named juan hernandez. please help me fix my li‚Ä¶ https://t.co/dTDKC1z20W",@realDonaldTrump You‚Äôll be long gone before you cause massive chaos (beyond what you‚Äôve already managed in record time).,"@realDonaldTrump Oh, your walls are coming. Maybe you'll share one of your walls with Jr. https://t.co/ShNR0VOGRw",@realDonaldTrump https://t.co/yrdPlsbK9R,@realDonaldTrump Hji,@realDonaldTrump Trump didn‚Äôt want border security the first two years in office. Why now?,"@realDonaldTrump Seriously, can you believe @IlhanMN actually said this?
A #Muslim #Communist wants to defund #DHS‚Ä¶ https://t.co/xPjQOk2Akf",@realDonaldTrump FUN FACT: THE WALL IS WASTE. What‚Äôs more intimidating a circling drone over your head with the sou‚Ä¶ https://t.co/EgsBj79mhf,@realDonaldTrump You had two years of control of both Houses and didn't think it was that important .,@realDonaldTrump GET MEXICO TO PAY FOR THE WALL!!,@realDonaldTrump @WhiteHouse Or biding time-,@realDonaldTrump @WhiteHouse MR. PRESIDENT! URGENT! PATRIOTS FORUM HUMAN WALL AT BORDER!! VIDEO!! YouTube @true conservatives TCM,"@realDonaldTrump JUST DO IT SIR...BUILD THE WALL
SCREW THEM",@realDonaldTrump Yes that‚Äôs right we are behind you 100% we the people say do whatever you have to and get-er-done https://t.co/9Lo54PRGdp,@realDonaldTrump Stop lying. You just want your Russian pal to get the steel contract.,"@realDonaldTrump Democrats are a joke. Build the wall, secure our borders",@realDonaldTrump @POTUS #bebest,@realDonaldTrump https://t.co/7qo8zHp02W,@realDonaldTrump Imagine making the wall a campaign issue! Haven‚Äôt you been doing that since 2015? Or did you forget? #DementiaDonnie,@realDonaldTrump THE üëè WALLüëèWON'TüëèDOüëèSHITüëè,@realDonaldTrump Actually they do want border security.  That's why they don't want to waste our money on your stupid wall.,"@realDonaldTrump Shut the government down if you have to, just BUILD THE WALL.",@realDonaldTrump Sooner rather than later please!,@realDonaldTrump Lying orangutan,@realDonaldTrump https://t.co/1HyBY0Rlkk,@realDonaldTrump Sigh,@realDonaldTrump Your not going to get your #vanity wall old man.,@realDonaldTrump https://t.co/cbprXxan4r,@realDonaldTrump Make it 10 feet taller!!!,@realDonaldTrump Save our sovereignty!!!,@realDonaldTrump Thank you Mr. President!!!,@realDonaldTrump @SebGorka Thank you President Trump!,@realDonaldTrump Build the wall!!,"@realDonaldTrump Trump belittles our intelligence agencies,then snuggles up to America‚Äôs enemies. I say give Trump‚Ä¶ https://t.co/VRVggCqGBb",@realDonaldTrump That don't have to play dirty games and cheat to win as the Republicans were shown to do in the midterms!,@realDonaldTrump NO WALL.... üëä,"@realDonaldTrump We also don't want you as our president.  

No wall!! 
Fake crisis!!!

#WorstPresidentinHistory",@realDonaldTrump https://t.co/KQLrOeI3is,@realDonaldTrump You lie,@realDonaldTrump https://t.co/FlhQNo7vnj,@realDonaldTrump Now now.  You know better. Why are you trolling today?  Feeling a bit bored?  What?,@realDonaldTrump Trump is Russian vassal,@realDonaldTrump Note to Congress. What do the experts say we need? Nothing else matters. Don't show me how much $‚Ä¶ https://t.co/YXUSfIF9bz,@realDonaldTrump https://t.co/XPklrkHMpS,,,,,,,,,,,,,,,,,,,,,,,,,,,,,,,,,,,,,,,,,,,,,,,,,,,,,,,,,,,,,,,,,,,,,,,,,,,,,,,,,,,,,,,,,,,,,,,,,,,,,,
Tremendous numbers of people are coming up through Mexico in the hopes of flooding our Southern Border. We have sen‚Ä¶ https://t.co/DzhzfDXFUp,@realDonaldTrump tremendous tremendous tremendous tremendous tremendous tremendous tremendous tremendous tremendous‚Ä¶ https://t.co/6QEPjG9nYi,@realDonaldTrump Good,"@realDonaldTrump Not so sure about that...They could tunnel under, break holes in it and go thru... Heck maybe even cut or break down",,,,,,,,,,,,,,,,,,,,,,,,,,,,,,,,,,,,,,,,,,,,,,,,,,,,,,,,,,,,,,,,,,,,,,,,,,,,,,,,,,,,,,,,,,,,,,,,,,,,,,,,,,,,,,,,,,,,,,,,,,,,,,,,,,,,,,,,,,,,,,,,,,,,,,,,,,,,,,,,,,,,,,,,,,,,,,,,,,,,,,,,,,,,,,,,,,,,,,,,,,,,,,,,,,,,,,,,,,,,,,,,,,,,,,,,,,,,,,,,,,,,,,,,,,,,,,,,,,,,,,,,,,,,,,,,,,,,,,,,,,,,,,,,,,,,,,,,,,,,,,,,,,,,,,,,
Tremendous numbers of people are coming up through Mexico in the hopes of flooding our Southern Border. We have sen‚Ä¶ https://t.co/DzhzfDXFUp,,,,,,,,,,,,,,,,,,,,,,,,,,,,,,,,,,,,,,,,,,,,,,,,,,,,,,,,,,,,,,,,,,,,,,,,,,,,,,,,,,,,,,,,,,,,,,,,,,,,,,,,,,,,,,,,,,,,,,,,,,,,,,,,,,,,,,,,,,,,,,,,,,,,,,,,,,,,,,,,,,,,,,,,,,,,,,,,,,,,,,,,,,,,,,,,,,,,,,,,,,,,,,,,,,,,,,,,,,,,,,,,,,,,,,,,,,,,,,,,,,,,,,,,,,,,,,,,,,,,,,,,,,,,,,,,,,,,,,,,,,,,,,,,,,,,,,,,,,,,,,,,,,,,,,,,,,,
Tremendous numbers of people are coming up through Mexico in the hopes of flooding our Southern Border. We have sen‚Ä¶ https://t.co/DzhzfDXFUp,,,,,,,,,,,,,,,,,,,,,,,,,,,,,,,,,,,,,,,,,,,,,,,,,,,,,,,,,,,,,,,,,,,,,,,,,,,,,,,,,,,,,,,,,,,,,,,,,,,,,,,,,,,,,,,,,,,,,,,,,,,,,,,,,,,,,,,,,,,,,,,,,,,,,,,,,,,,,,,,,,,,,,,,,,,,,,,,,,,,,,,,,,,,,,,,,,,,,,,,,,,,,,,,,,,,,,,,,,,,,,,,,,,,,,,,,,,,,,,,,,,,,,,,,,,,,,,,,,,,,,,,,,,,,,,,,,,,,,,,,,,,,,,,,,,,,,,,,,,,,,,,,,,,,,,,,,,
Tremendous numbers of people are coming up through Mexico in the hopes of flooding our Southern Border. We have sen‚Ä¶ https://t.co/DzhzfDXFUp,,,,,,,,,,,,,,,,,,,,,,,,,,,,,,,,,,,,,,,,,,,,,,,,,,,,,,,,,,,,,,,,,,,,,,,,,,,,,,,,,,,,,,,,,,,,,,,,,,,,,,,,,,,,,,,,,,,,,,,,,,,,,,,,,,,,,,,,,,,,,,,,,,,,,,,,,,,,,,,,,,,,,,,,,,,,,,,,,,,,,,,,,,,,,,,,,,,,,,,,,,,,,,,,,,,,,,,,,,,,,,,,,,,,,,,,,,,,,,,,,,,,,,,,,,,,,,,,,,,,,,,,,,,,,,,,,,,,,,,,,,,,,,,,,,,,,,,,,,,,,,,,,,,,,,,,,,,
Gallup Poll: ‚ÄúOpen Borders will potentially attract 42 million Latin Americans.‚Äù This would be a disaster for the U.S. We need the Wall now!,"@realDonaldTrump That wouldn't be a ""disaster"" in any way shape or form.",@realDonaldTrump No one wants open borders #TrumpCrimeFamily #TrumpMustGo #LockThemAllUp,@realDonaldTrump https://t.co/VlemWRJvTl,@realDonaldTrump Huh? You were already building the wall? I don‚Äôt understand anymore...Can it be that you play bluf‚Ä¶ https://t.co/I1w2GaRBZa,@realDonaldTrump Latinos are hot! Let them in!,"@realDonaldTrump The actual quote was ""could"" NOT ""will""! Once again you are caught in another LIE!!","@realDonaldTrump Mr. Trump, what has long been abundantly clear, and painfully obvious, to the American People, is‚Ä¶ https://t.co/mAqnffZ97A","@realDonaldTrump Democrats don‚Äôt want open borders. 

Please stop lying about this.",@realDonaldTrump #BuildTheDamnWallNow ‚ÄºÔ∏è‚ÄºÔ∏èüëäüèªüá∫üá∏üá∫üá∏üá∫üá∏üá∫üá∏ https://t.co/gYoA2ms8Gz,@realDonaldTrump Open borders is a hypothetical situation  so stop worrying about that and focus on real problems a‚Ä¶ https://t.co/o8Nf72pBAu,@realDonaldTrump I don't see how our population increasing is bad.  Maybe it's 'cause they're not from Norway.,"@realDonaldTrump There are 4 unproven assumptions in this statement. 
Care to try and explain / support each one?","@realDonaldTrump There are no walls stopping them today, so where are they?? Maybe you should enforce the laws proh‚Ä¶ https://t.co/tDZ3X0ffLJ","@realDonaldTrump Liar, liar.",@realDonaldTrump Resign. Write a letter. You know you want to. Don't wait.,@realDonaldTrump no wall!,@realDonaldTrump @POTUS Just think of all the ‚Äú cheap‚Äù employees you can get! üòé,@realDonaldTrump https://t.co/wlZ85emBYH,@realDonaldTrump https://t.co/qxeMhgmCk8,"@realDonaldTrump Oh you tired old man, give it a rest. You don't even make sense anymore. What ""open"" borders? Btw,‚Ä¶ https://t.co/yMG19WvgV2",@realDonaldTrump A long time ago Trump we let your grandfather into the USA when he was fleeing from Germany for TA‚Ä¶ https://t.co/TdbATtGjJI,"@realDonaldTrump Latin Americans, quite good climbers. https://t.co/e8l5OaiBK5","@realDonaldTrump @POTUS As far as I know, there is an other opinion, too.",@realDonaldTrump https://t.co/61A57znAkw,@realDonaldTrump cc: .@marcorubio Lol!,@realDonaldTrump Gallup poll: 100% of that tweet is idiotic.,@realDonaldTrump https://t.co/vdNNVHWmxo,@realDonaldTrump https://t.co/h9Td9ACGZt,"@realDonaldTrump It's pretty crazy to quote a Gallup Poll as a source of information, but what the hell, right? Jus‚Ä¶ https://t.co/mSSX9whSKO","@realDonaldTrump Mr. President, and these 42M ILLEGAL aliens could will become DEMS VOTERS in the future! which wil‚Ä¶ https://t.co/6EDSaocCBG",@realDonaldTrump There will be no wall,"@realDonaldTrump Gee. He twisted the facts to LIE to suit his desires. Shockingly uncharacteristic of him.
https://t.co/S2dqr0fMAF",@realDonaldTrump @AprilDRyan A white dude trying to keep brown people from their original land- colonizer our!,"@realDonaldTrump No need for walls, automatic turrels will be enough",@realDonaldTrump Borders are not opened ... there‚Äôs certainly something that you do better than any president or an‚Ä¶ https://t.co/ztRwWPRxAH,@realDonaldTrump Do it. We don't need a stinkin' poll to tell us that borders define countries. We don't need a pol‚Ä¶ https://t.co/5JgrUfKko9,@realDonaldTrump Dear DJT: whom will u hire if there r no Lationo‚Äôs? Whom will u have another affair w/the result o‚Ä¶ https://t.co/l2yIakznVV,@realDonaldTrump Please provide the facts behind this statement,"@realDonaldTrump In 2012, Obama's Dept of Health and Human Services (HHS) released an official policy directive rew‚Ä¶ https://t.co/iniNucSQaX","@realDonaldTrump Oh, your ‚Äúget out‚Äù poll. More racist babblings. You need a new catch phrase....this is getting old.",@realDonaldTrump Just due ‚Äòt,"@realDonaldTrump Maybe.. but at least we'd know about them, they'd be part of our society, instead of underground.‚Ä¶ https://t.co/COr4cXG2wY",@realDonaldTrump USA USA USA!!!,@realDonaldTrump Omg how many more racists tweets are you going to send?!!!,@realDonaldTrump The names an surname on the trump haters are possible illegals ? Just put snipers on border,@realDonaldTrump Can't believe any poll showing you are doing good....You have a poll on Facebook to see how many A‚Ä¶ https://t.co/3xC5zCMthm,"@realDonaldTrump 42 million! That's a little far fetched, don't you think? Also, we have plenty  of farmers that co‚Ä¶ https://t.co/gi0YqPkD1D",@realDonaldTrump RIGHT NOW...üò°üá∫üá∏,"@realDonaldTrump ""Illegal immigrants""  now changed to ""Latin Americans"" - Trumps racism couldn't be more blatant now..",@realDonaldTrump So funny... a Gallop Poll Of who?,@realDonaldTrump How many times we have to say it? No wall porn bunny banger!,@realDonaldTrump Aren't you already building it? üòÜ,"@realDonaldTrump A poll cannot determine this.
DOH.",@realDonaldTrump https://t.co/EsgOMhyH0z,"@realDonaldTrump No wall. They are ineffective, much like our president",@realDonaldTrump We need a wall yesterday!,@realDonaldTrump #BUILDTHEWALL,"@realDonaldTrump That‚Äôs what they want a Fundamental Transformation of the United States of America, That‚Äôs why the‚Ä¶ https://t.co/Vhgryo5e5k",@realDonaldTrump Yeah.. Wouldn't want to rush the fact that white people will soon be a minority in this country!!!‚Ä¶ https://t.co/W8GG32KLQT,@realDonaldTrump #FatBaby #LittleDonny,@realDonaldTrump how do you get information like that from a poll?,@realDonaldTrump Build the wall!  I want to save my country and culture,@realDonaldTrump @AprilDRyan #Resist,@realDonaldTrump The only walls America needs are the walls of a cell you will be in !!!,@realDonaldTrump Using quotes was a bad idea #LiarInChief: 1) The Gallup Poll never used the words ‚Äúopen borders‚Äù;‚Ä¶ https://t.co/9bNoJkLtEm,"@realDonaldTrump So, who you gonna get to mow you lawn, make you bed, clean your hotels...Melania?",@realDonaldTrump See what Don does is that he looks at a Headline like Newsmax and goes on that...Guess that's an e‚Ä¶ https://t.co/D7H8fj68Nz,"@realDonaldTrump The ONLY wall we need is around the incompetent, lying, mentally challenged fake president...enemy of the people..",@realDonaldTrump @POTUS And who said open borders?,"@realDonaldTrump Dude, your racism is showing.",@realDonaldTrump @Sunstruk Latinos want the wall.  Build the Wall!!! üá∫üá∏üá∫üá∏üá∫üá∏,@realDonaldTrump fact as the #retardtrump spreads more fake news and isinformation https://t.co/BenWJHM38X,@realDonaldTrump #idiot,@realDonaldTrump @AprilDRyan What are you talking about. This makes absolutely no sense,"@realDonaldTrump NO WALL NOW, NO WALL EVER!!!",@realDonaldTrump White skin &gt; brown skin. Own it.,@realDonaldTrump ‚ÄúOH NO BROWN PEOPLE!‚Äù Shut up you stupid racist. https://t.co/iNY6BQp7n9,@realDonaldTrump Well thank god we don't have open borders then.,"@realDonaldTrump So Latin Americans are a disaster for this country? Interesting.
Tell us more of your openly racist views.",@realDonaldTrump Omg some of them dang immigrants are NOT WHITE OMG WE ARE DOOMED!!!!!!!!!,@realDonaldTrump #MAGA #BuildTheWall https://t.co/xN1nQzk2ar,@realDonaldTrump But you will let in more of them than ever before legally. The whole US will be like California wi‚Ä¶ https://t.co/roXRFwHrUp,"@realDonaldTrump Disaster?? I will say it benefits u greatly , if no Latin Americans then who is going to work at u‚Ä¶ https://t.co/GPswATGDut",@realDonaldTrump No one is demanding open borders. This is like saying that a position opposing the banning of all‚Ä¶ https://t.co/9uzfbezbeA,"@realDonaldTrump Had the other ----- won the election. We would have lost this country, and may yet if the left hav‚Ä¶ https://t.co/O9Kd3Zxu2W",@realDonaldTrump https://t.co/2H6a5hMrGi,@realDonaldTrump Declare a National Emergency and build the wall,@realDonaldTrump Sure don‚Äôt want any latino‚Äôs here . Your not racist at all,"@realDonaldTrump Well, we don't have open borders and no one supports open borders, so there's that.",@realDonaldTrump That‚Äôs exactly Y @DNC WANT #OpenBorders. They c their new ‚Äúpermanent underclass‚Äù 42 million #VOTERS‚ÄºÔ∏èüò°,"@realDonaldTrump Oh yes, Gallup surveyed all of Latin America to see who is thinking about coming over. You pull nu‚Ä¶ https://t.co/fcCqbJTs16",@realDonaldTrump @POTUS Finally a A President who's the real deal,"@realDonaldTrump fascinating...if only anyone was proposing ""open borders."" despite your desperate propaganda and l‚Ä¶ https://t.co/GhLUkz6aIk",@realDonaldTrump Well build it...talk talk talk,"@realDonaldTrump wow, you're not even pretending that it's not about insane white genocide fears, huh?",@realDonaldTrump We need to go back to the procedures followed by Ellis Island when legal immigrants arrived.,@realDonaldTrump Racist much?,@realDonaldTrump Please tell me Americans don‚Äôt believe the constant stream of lies and misinformation. Please...,@realDonaldTrump ü§•,@realDonaldTrump Border crossings are the lowest they have been in years.,"@realDonaldTrump Why is this a disaster?  One might think one is racist based upon a ""matter of presidential record"" tweet like that....","@realDonaldTrump Again, Writer James Baldwin once said, ‚ÄúI can‚Äôt believe what you say because I see what you do.‚Äù Y‚Ä¶ https://t.co/WHPx1fkHSd","@realDonaldTrump The question Gallup asked to 33 countries in Latin America &amp; the Caribbean(450 million)""Would you‚Ä¶ https://t.co/mATnXJZIVJ",@realDonaldTrump https://t.co/Hu4GVs5UmU,@realDonaldTrump Look at the yuuuuuuge disaster ONE German immigrant has been for the United States.,@realDonaldTrump You can build a wall in a week!? WTH are you talking about!?,"@realDonaldTrump Gallup also has your popularity at 37% !

No-one is proposing 'Open Borders'.

What is wrong with‚Ä¶ https://t.co/Wr8vgXA1ql",@realDonaldTrump ÿßŸÑŸÑŸá ŸäŸáÿØŸäŸÉ,@realDonaldTrump Resign.,@realDonaldTrump Drump's constant lie that no wall equals open borders makes as much sense as someone with a perfec‚Ä¶ https://t.co/qDtsQw2ryZ,@realDonaldTrump Fixed it for you:  Gallup Poll: ‚ÄúBorder Wall fueled govt shutdowns would be a disaster for the U.S‚Ä¶ https://t.co/fko4fFTIFu,"@realDonaldTrump Hey, @jack, how is this not a direct violation of your terms of service?

This is just openly stat‚Ä¶ https://t.co/JUWq9JOh1I",@realDonaldTrump Learn to read Donald we don't have open borders. Turn off Fox they are not news and they lie.,@realDonaldTrump BUILD THE WALL DONALD. I am FOR the razor wire by the way. Americans need to wake up and take a hi‚Ä¶ https://t.co/nGnVXrNUOP,"@realDonaldTrump I read this tweet and started to giggle.....then I realized it wasn't a parody account .üò≥
Seriousl‚Ä¶ https://t.co/bWOlmH2O7t","@realDonaldTrump I mean, then it's a good thing no one actually wants open borders like you keep saying we do.",@realDonaldTrump Nobody wants open borders you st.upid liar.,@realDonaldTrump From Trump world,@realDonaldTrump https://t.co/dmPEqmZxpH,@realDonaldTrump How do you know this? Where did you get that number? Please credit yourself with some sources.,@realDonaldTrump üôèüá∫üá∏,@realDonaldTrump https://t.co/UHigy3mXNp,"@realDonaldTrump Would only wreck my generation and my children‚Äôs generation but by my grand children, I‚Äôm sure thi‚Ä¶ https://t.co/0QNqNMik7t",@realDonaldTrump Full if shit,@realDonaldTrump If its so secure how did 25 million get in,@realDonaldTrump We better pass English as the official language now or it will become Spanish defacto.‚Ä¶ https://t.co/LjkrX5ESoT,@realDonaldTrump üá∫üá∏üá∫üá∏üá∫üá∏üá∫üá∏TRUMP2020üá∫üá∏üá∫üá∏üá∫üá∏üá∫üá∏,@realDonaldTrump If we get rid of the welfare state instead of building a wall the only people who will come will b‚Ä¶ https://t.co/QKLUyEPb04,"@realDonaldTrump If the wall is all that holds them back, why aren‚Äôt they all in the US now without the wall?",@realDonaldTrump The president chose to be racist all day today. What a disgusting President we have,@realDonaldTrump @POTUS So he likes polls again?,@realDonaldTrump And Martians will invade if we don‚Äôt make a bubble around the Earth. It‚Äôs so sad that we have an i‚Ä¶ https://t.co/JzSCuxo15I,@realDonaldTrump ü§£ü§£ü§£ü§£ü§£ü§£ü§£ü§£ü§£ü§£,@realDonaldTrump https://t.co/eIhRCdTEcA,@realDonaldTrump #MAGA is pants shitting fear. All the time.,@realDonaldTrump Stop talking and resign.,"@realDonaldTrump WE DON'T HAVE OPEN BORDERS 
gallup also says your approval rating is 37%",@realDonaldTrump @POTUS Well you‚Äôre not getting a wall. Sooooo. If we get 42 million Latin Americans coming through‚Ä¶ https://t.co/kDB5aP2eQO,"@realDonaldTrump Sowing more seeds of discord!
Good leaders don‚Äôt use that tactic (I notice you only use it)",@realDonaldTrump What we need is a law that lets Border Control &amp; Ice to put their ass back across the border the 1‚Ä¶ https://t.co/BmzZiFaDbA,"@realDonaldTrump But you want to start a war in Venezuela, bringing millions of people of crisis",@realDonaldTrump Build it. Now. We don‚Äôt need to ask permission.,"@realDonaldTrump Yes, roads will be made, bridges secured, food picked, and resurgence of a moral standard. Immigrants made America!",@realDonaldTrump No all we need is a President who is not a racist.,@realDonaldTrump Please build the wall. Trump 2020,@realDonaldTrump You are a disaster,@realDonaldTrump You still not getting the WALL your Boss Nancy Pelosi said so,"@realDonaldTrump LOGIC ALERT Tater Tot.
If open borders attract 42 million Latin Americans
AND
You say a border wal‚Ä¶ https://t.co/8vaLGMZYxH",@realDonaldTrump Trumps spewing propaganda and lies again.  We need more technology for surveillance and screening‚Ä¶ https://t.co/kfDAZmICmy,@realDonaldTrump Very true.  #IllegalImmigration is a huge problem and they committ many violent crimes https://t.co/YQMIKLUOKP,"@realDonaldTrump We need last years refund back, now!",@realDonaldTrump https://t.co/n4YU3tj19L,@realDonaldTrump Count down @realDonaldTrump 632 more days and OUT you go! @CNN @FoxNews,@realDonaldTrump https://t.co/KPsnkbbslz,"@realDonaldTrump Realmente entrar em um lugar alheio sem autoriza√ß√£o n√£o √© o caminho certo, seja qual for o motivo.",@realDonaldTrump You keep saying you‚Äôre going to build it. Are you?? #BuildTheWallNow,"@realDonaldTrump Mr. President, they know that once they're caught and registered, the holding centers are full &amp; t‚Ä¶ https://t.co/zByJXU0o3K","@realDonaldTrump Give it up Chicken Little.  Your wall is a delusion, and your hideous core can't be hidden.","@realDonaldTrump Nobody wants open boarders  , what is wrong with telling people the truth?",@realDonaldTrump I swear- I can no longer distinguish this insanity from the fake accounts.. #PresidentLunatic,@realDonaldTrump FEAR only feeds the sheep! #TrumpSense @FoxNews,@realDonaldTrump A wall would take years to construct. So what we're actually needing is a solution now. The readil‚Ä¶ https://t.co/ubAkiskTlx,@realDonaldTrump https://t.co/jhxERLWPul,@realDonaldTrump Sorry no,And 35 million Canadians are coming from the other side. Watch out for the northern border @realDonaldTrump . https://t.co/Z2H3xD9gNe,"@realDonaldTrump If that were the case, they would have entered the US by now. The fact it hasn't, proves you are t‚Ä¶ https://t.co/eBMz80qP5R",@realDonaldTrump https://t.co/fRoqwcjThl,@realDonaldTrump Well that's another lie.   Texan congresswoman say differently.  There is no emergency at the boar‚Ä¶ https://t.co/dllBd95piT,"@realDonaldTrump As a Hispanic legal immigrant to the US: Thank You President Trump!!!

We do not want ANYONE here‚Ä¶ https://t.co/8M8qHCNQF2",@realDonaldTrump üñïüèæüñïüñïüèºüñïüèøüñïüèΩ,@realDonaldTrump You are the only thing that‚Äôs a disaster for the US. We need you &amp; your crime syndicate family in jail now.,@realDonaldTrump We need you to leave. That's what we need,"@realDonaldTrump No, it wouldn‚Äôt. It‚Äôs called market forces.","@realDonaldTrump Republicans: ""True Americans have white skin, those who do not are a drain on America"". Please own that.","@realDonaldTrump Show us the check from Mexico to pay and then just build you wall. 

Should this not still be your‚Ä¶ https://t.co/mQicW1UnkK",@realDonaldTrump Even if we needed a wall - which we don‚Äôt- you can‚Äôt have one now because it will take years. This‚Ä¶ https://t.co/D9oNvj5bhA,"@realDonaldTrump So are you saying that, us Latin Americans, are a disaster to the country?","@realDonaldTrump No one wants open borders, no matter how much @foxandfriends tries to tell you otherwise","@realDonaldTrump An answer in search of anyone, anywhere asking for open borders",@realDonaldTrump Who wants open borders??? You lie so much that you actually believe your own lies. üòÇüòÇüòÇ,@realDonaldTrump And yet @maziehirono thinks her party's agenda for a bankrupt welfare state waving in the globe is‚Ä¶ https://t.co/caoS4YVnRO,@realDonaldTrump Why would Latinos coming to this country be a negative thing??,@realDonaldTrump Well Donald your literally the only man for the job..get'er done!,@realDonaldTrump One poll I have seen suggests that if they could physically get here 153 million people all over t‚Ä¶ https://t.co/MR8mPMG00M,"@realDonaldTrump THERE YOU GO LYING AGAIN. CLIFTON DID AN OP-ED ENTITLED ""WHAT IF THERE WERE 42 MILLION AT THE BORD‚Ä¶ https://t.co/AjG56gWkYo",@realDonaldTrump Unlike You. Latin Americans Work. We need them to Replace the soon to be Minority Deplorables that‚Ä¶ https://t.co/Fe8ORIr9kC,@realDonaldTrump Hopefully you &amp; yours get four walls (Steel slats) with a roof.,"@realDonaldTrump WHERE DO YOU GET THESE RIDICULOUS NUMBERS,Delusional Donald Strikes Again! !#GodBlessAmerica! !!",@realDonaldTrump OH NO! Not brown people! Heaven forbid!,@realDonaldTrump How can anyone who loves this country support onslaught of 42 million or MORE illegal immigrants o‚Ä¶ https://t.co/z6BoOjrzDX,@realDonaldTrump Bullshit Donald.,@realDonaldTrump https://t.co/T0EOtMpfe3,@realDonaldTrump More like 420 million Latinos.  White people will definitely be in the super minority if the Libta‚Ä¶ https://t.co/SVe4qiNCkX,@realDonaldTrump So we have open borders now?  Has any American asked for open borders?  Don't bother repeating you‚Ä¶ https://t.co/OcI68J3Cly,@realDonaldTrump The disaster was letting you white people in,"@realDonaldTrump Oh, do you think all 42M will show up at once?  And if they do, do you think a wall will stop 'em?",@realDonaldTrump We don‚Äôt need a wall. That‚Äôs not the problem. What is a wall going to do ? Tell me ? I would love‚Ä¶ https://t.co/cmdqwb5C5X,@realDonaldTrump Do you even read what you write? According to your DHS there approx 11 Million illegal immigrants‚Ä¶ https://t.co/qi51Y3dkUT,@realDonaldTrump Then declare your national emergency and get it over with.  It‚Äôs the only way your going to get yo‚Ä¶ https://t.co/XU3HIt0lg1,"@realDonaldTrump PRIORITY #1: NO MORE BEANERS!!!  üê∏

That is Trump's biggest concern in THE WHOLE WORLD",@realDonaldTrump Fascist lies!,"@realDonaldTrump I used to live at the border Donny
There are NO ""open borders""
Why all the lies?
How about we disc‚Ä¶ https://t.co/M19uGqU2zH",@realDonaldTrump https://t.co/JzpjeummXV,@realDonaldTrump Just do it!! Time for talking with crazy dems is over. They are playing with you...,@realDonaldTrump Oh no Brown people!!!!!!!!!!!!!!!!,@realDonaldTrump Nothing scare gramps more than Latin. Americans.,@realDonaldTrump Fake trump News.  Nobody is asking for open borders,"@realDonaldTrump WHY do you keep lying.  NO ONE is proposing open F-ing boarders, NO ONE.  LIAR.",@realDonaldTrump Liar.  We need you out of our White House.,@realDonaldTrump We need a law that outlaws orange people in America.üò°,"@realDonaldTrump That many? Their countries should apply for &amp; be granted statehood, then there would be no wall needed.","@realDonaldTrump Hey stupid, if they are Latin ""Americans"" then they're allowed to come and go as they please.
That‚Ä¶ https://t.co/nVWjNwyhUe","@realDonaldTrump Zzz, zzz, zzz......",@realDonaldTrump We don‚Äôt need a border wall. What we need is a sea wall along the east coast due to rising sea lev‚Ä¶ https://t.co/Z8UJuGRD7D,@realDonaldTrump Why it's just more potential employees for your golf clubs and hotels Donny,@realDonaldTrump Why do you continue to hire (and exploit) illegals?,@realDonaldTrump Oh no! Latin Americans!!!,"@realDonaldTrump While that is a spin on what was said, that is not exactly it. You used the word ""potentially"" so‚Ä¶ https://t.co/a4c2GnI9Gc","@realDonaldTrump If that stat was real and you believed in it, you could let a million Latino men in, make them joi‚Ä¶ https://t.co/ekwpvSi8k8",@realDonaldTrump What‚Äôs the strategy about the Latin community?,@realDonaldTrump #BestPresidentEver https://t.co/UgMpj4Ox7Y,"@realDonaldTrump Grow up, liar.  #LyinTrump",@realDonaldTrump How many racist tweets are we shooting for today? #beBetter,@realDonaldTrump https://t.co/m87HXf3C5s,@realDonaldTrump You just really hate Mexicans or something. Stop your dictatorship global domination. The world isn‚Äôt a video game,@realDonaldTrump STOP!! WR DONT HAVE  OPEN BORDERS! DO YOU SEE PEOPLE COMING IN AND OUT FREELY..WE HAD MORE THAN 42‚Ä¶ https://t.co/GlMdjKp8r2,@realDonaldTrump https://t.co/quHo94zH4X,"@realDonaldTrump Hi Donny,
Been a bit busy to tweet recently but missed you.
In the past 10 years, without a wall,‚Ä¶ https://t.co/a5wdQDaQjX",@realDonaldTrump https://t.co/H1op4gw0FH,@realDonaldTrump Liarliarliarliarliar,"@realDonaldTrump But YOU invading THEIR countries, that‚Äôs just fine. Just wondering why you‚Äôd give a crap about wha‚Ä¶ https://t.co/oiwQ8PxgzP","@realDonaldTrump So far, so good. As you were!","@realDonaldTrump @POTUS #SundayMotivation

#Narcissist #DonaldTrump's #Wall = PROVEN #FAILURE to Stop‚Ä¶ https://t.co/2F6UQ8ozuO","@realDonaldTrump If a third world war were to be held, the whole world would stand against America for the sake of‚Ä¶ https://t.co/kc9gB5BniJ",@realDonaldTrump It didn‚Äôt work the first time around and it won‚Äôt work this time. #RESIGN,"@realDonaldTrump True, a lax immigration system let your family in and it's the biggest disaster in our entire hist‚Ä¶ https://t.co/HwTeyTfGMl",@realDonaldTrump @POTUS https://t.co/dBGyp18OUS,@realDonaldTrump https://t.co/DNefSzx2Ll,@realDonaldTrump Why? What about Latin Americans is different than us?  They are as part of the American fabric as‚Ä¶ https://t.co/0D82C6l1Ba,"@realDonaldTrump Taco trucks on every corner! Go pound sand, scared old man.",@realDonaldTrump A poll result doesn‚Äôt mean something is a fact. It‚Äôs specifically based on opinion. #ignorantpresident,@realDonaldTrump @AprilDRyan Who told you this? You can't even read...,@realDonaldTrump https://t.co/FYug0fkVCx,@realDonaldTrump So where are these facts coming from?  The intelligence community?,"@realDonaldTrump Gallup Poll: ""Open Borders will actually attract fucking dragons, and not the nice kind, the reall‚Ä¶ https://t.co/5cm2qSter0",@realDonaldTrump Secure our borders and build the wall. We can‚Äôt afford to have that many people here they need to‚Ä¶ https://t.co/KmSaVDZqoG,@realDonaldTrump https://t.co/ckOk8CdUik,@realDonaldTrump I‚Äôm glad no one supports open borders aren‚Äôt you?,@realDonaldTrump Why do you hate Latinos? Did a hot Latin man have an affair with Melania ?,@realDonaldTrump @POTUS https://t.co/NymdlRDBfQ,@realDonaldTrump This is so tedious..what don't you understand about we don't want open borders or a damn medieval‚Ä¶ https://t.co/owDeSdkz6q,@realDonaldTrump Yes!,@realDonaldTrump Ummm because they have already? Where do you get your inflated stats?? Do you confuse how many burgers you ate?,@realDonaldTrump Wtf is wrong with having Latin Americans?  This is so racist. It just blows me away.,@realDonaldTrump You are the disaster we face right now https://t.co/FhyioNRqju,@realDonaldTrump @OceanPatriot9 #BuildAWallAndCrimeWillFall Too many #Americans have suffered some sort of violence‚Ä¶ https://t.co/WpuhfO7soR,@realDonaldTrump Immigration is what made and makes America great!,@realDonaldTrump Add that on top of 25 million that are already here. Build the wall,@realDonaldTrump @POTUS https://t.co/dxWH9mmtOa,@realDonaldTrump And Mexico will pay for it-100%.,"@realDonaldTrump Good thing no one is suggesting open borders then. üôÑ

You liar.",@realDonaldTrump @mitchellvii probably a billion Asians too,@realDonaldTrump @POTUS https://t.co/UJEYCXbpGb,@realDonaldTrump https://t.co/F8NIwmimCf,@realDonaldTrump That doesn‚Äôt even make sense. A poll? To determine who is going to migrate to the United States? W‚Ä¶ https://t.co/4OrQxkyJ0A,@realDonaldTrump @POTUS https://t.co/bErytYZKJy,@realDonaldTrump @POTUS Need a wall around you!,@realDonaldTrump @POTUS https://t.co/jhtMGzWtNc,@realDonaldTrump This is good for you.  42 million potential employees for the Trump organization.,@realDonaldTrump https://t.co/kAXz8OJ1C0,"@realDonaldTrump 1) I‚Äôm proud foreigners look at the USA as the ideal country where to live.
2) I consider arrogant‚Ä¶ https://t.co/x4dZHXUh2f",@realDonaldTrump Good thing we don‚Äôt have open borders.,"@realDonaldTrump Did you read what was said in poll? They asked how many people would like to come to US, not ones‚Ä¶ https://t.co/vdKKZGBHsi",@realDonaldTrump God u sound like a terrified tot.,@realDonaldTrump Abslolutly,@realDonaldTrump Build that wall!!!!!,"@realDonaldTrump I thought you said the polls are rigged, oh my bad, you tried to pay to rig them.",@realDonaldTrump ŸàŸÉŸÑŸá ŸÖŸáŸÖ ŸàŸÑŸÉŸÜ ÿ™ŸÖÿßÿ¥Ÿäÿß ŸÖÿπ ŸÉŸÑÿ™Ÿàÿ¨ŸáŸÜÿß ŸÇŸàŸÑŸá ÿ™ÿπÿßŸÑŸâ Ÿäÿß ÿßŸäŸáÿß ÿßŸÑÿ∞ŸäŸÜ ÿßŸÖŸÜŸàÿß ÿßÿ™ŸÇŸàÿß ÿßŸÑŸÑŸá ÿ≠ŸÇ ÿ™ŸÇÿßÿ™Ÿá ÿßŸÑŸâ ŸÇŸàŸÑŸá ŸÑÿπŸÑŸÉŸÖ‚Ä¶ https://t.co/2vNeEoWKRQ,@realDonaldTrump I guess we are fortunate that Democrats ARE NOT calling for ‚Äúopen borders.‚Äù This is  just another‚Ä¶ https://t.co/UqoZLYbAxZ,"@realDonaldTrump and what the Democrats say they will agree for them, they are not accepting anything from the Repu‚Ä¶ https://t.co/cxMrTGJL0A","@realDonaldTrump Isn't this a shot at all of the Americans who patrol our borders? So if there isn't a wall, our borders are ""open""?",@realDonaldTrump How are they Latin Americans if they don‚Äôt live here and/or are illegals?,"@realDonaldTrump #TrumpLiesMatter

#UnfitToBePresident

#Callous #Craven #SoullessCowardInChief

#PresidentNonGrata","@realDonaldTrump If you would just tell the truth, you know very well that the borders are NOT ‚Äúopen ‚Äú!!",@realDonaldTrump @AprilDRyan You getting a wall...Ha Ha,"@realDonaldTrump We needed this wall Yesterday, tomorrow is not soon enough !! https://t.co/RJ5mwPmM1d","@realDonaldTrump Your best friends &amp; advisors want the whites gone, Mr. Trump.",@realDonaldTrump So....what that really says is that the borders are not currently Open Borders.,"@realDonaldTrump News Flash, this administration is currently making this country unattractive to over half of its citizens",@realDonaldTrump Isn't it interesting how you've never once mentioned the huge bust in Florida in November where 39‚Ä¶ https://t.co/TzaoA9LsWK,"@realDonaldTrump That would be fantastic. People from Latin America are some of the hardest working, intelligent, a‚Ä¶ https://t.co/NRQnsc8V6A",@realDonaldTrump No one is asking for open borders. Stop the lies,@realDonaldTrump I just don‚Äôt think Jesus would build a wall to keep helpless desperate people out? #WWJD,@realDonaldTrump In a year? Two years? Ten years? Twenty years? Talking to you really is like talking to a wall.,"@realDonaldTrump He's plugging a new resturant chain he's opening called ""Open Borders"", the best taco bowls north of El Paso!",@realDonaldTrump Seeing that the two latest drug busts that were HUGE came in through ports.....hmmmm,"@realDonaldTrump Open borders will reduce influx of Latinos, they'll go back and forth ad lib. Texan border is the perfect example.",@realDonaldTrump So where are these 42 million that should already be here?,@realDonaldTrump The people that overstay their visas come by plane.  No wall needed.,"@realDonaldTrump Hi Donald. I did an apprenticeship in brickwork. Perhaps I can help*

*I once helped a man brick u‚Ä¶ https://t.co/RepKcuqsbL","@realDonaldTrump Good thing we don't have open borders, huh?",@realDonaldTrump DemoRATs need destroyed.,"@realDonaldTrump Good, maybe you could hire some at your resorts.. again.",@realDonaldTrump @AprilDRyan No. We. Don't.,@realDonaldTrump https://t.co/sICDIhGCze,"@realDonaldTrump we're praying for you, the greatest president in the world... Thank you &amp; may GOD continue blessing you",@realDonaldTrump CcDEPLORAbLE!!,@realDonaldTrump I‚Äôm sure you will build the wall in your dreams..... hahaha not in real life,@realDonaldTrump @AprilDRyan Why?  You hired half of them to work at your disgusting golf courses which are a money‚Ä¶ https://t.co/JxxqAB1tol,"@realDonaldTrump Just another idiotic statement! Look at the numbers, more illegal immigrants are from Asia. I know‚Ä¶ https://t.co/mfRfmfqEBS",@realDonaldTrump And what's wrong with Latin Americans?,@realDonaldTrump Your dirty politics is exposed and depends on lies and the destruction of peoples and ignite wars‚Ä¶ https://t.co/iuTTRLF1Zt,@realDonaldTrump Nobody is suggesting open borders. Just no walls.,@realDonaldTrump Interesting ONLY 42 million people say that would like to move to the US if they could. The fact i‚Ä¶ https://t.co/73fxzyiLFx,"@realDonaldTrump What America needs is a President that appreciates all American people, and can see past European‚Ä¶ https://t.co/gALRnkBALG"
