https://t.co/f6Jd2FzayZ,@realDonaldTrump I'm sick of hearing about a wall that does not help us at all. Only the stupid will fall for the call for the wall!,@realDonaldTrump MAGA,@realDonaldTrump https://t.co/Zmjhbu602o,@realDonaldTrump Useless person. P.A.W and P.A.T are coming for him. People Against Trump and People Against Wall. @SpeakerPelosi Millions will rise to stop this and he should be very afraid what will come for him.,@realDonaldTrump https://t.co/u45LHBtbD2,@realDonaldTrump #dogs https://t.co/7yu4n3JYqy,@realDonaldTrump All in a nut ü•ú shell Yea Basically,@realDonaldTrump https://t.co/misiuE4aDD,"@realDonaldTrump Build a wall that stops big corporations from paying zero taxes and giving all the profits to a billionaire somewhere with more money than they will ever spend.

Living wages create strong families, strong communities, and make the American Dream accessible by all.
#livingwage"
‚ÄúTrying to use the 25th Amendment to try and circumvent the Election is a despicable act of unconstitutional power grabbing...which happens in third world countries. You have to obey the law. This is an attack on our system &amp; Constitution.‚Äù Alan Dershowitz. @TuckerCarlson,@realDonaldTrump @TuckerCarlson You are not fit for this office.,@realDonaldTrump @TuckerCarlson No Donny Cheeto.  What you're trying to do is something that happens in 3rd world countries.,@realDonaldTrump @TuckerCarlson Who is on first I don't know third base...,"@realDonaldTrump @TuckerCarlson #FuckingMoron @realDonaldTrump seriously claims that a Ratified part of Our #Constitution is an unconstitutional power grab, as he simultaneously tries to circumvent #Congress‚Äôs constitutional authority to allocate spending with a fraudulent state of emergency declaration‚Ä¶",@realDonaldTrump @TuckerCarlson Says the man who declared a fictional national emergency to build a wall that Congress wouldn‚Äôt fund. üòÇüòÇüòÇüòÇ,@realDonaldTrump @TuckerCarlson Corrupt up to the eyeballs!!!!!,@realDonaldTrump @TuckerCarlson The 25th AMMENDMENT is in the CONSTITUTION and it fits perfectly in your case.,@realDonaldTrump @TuckerCarlson Build it!,@realDonaldTrump @TuckerCarlson What a bunch of Dillardsüò≥
Reviewing the funding bill with my team at the @WhiteHouse!,@realDonaldTrump @WhiteHouse It‚Äôs short by 6 billion dollars. Declaring a National Security breech will fund it from the Pentagon funds?,@realDonaldTrump @WhiteHouse #BuildTheWall,@realDonaldTrump @WhiteHouse They're translating it to crayon on D size paper?,@realDonaldTrump @WhiteHouse Just sign it already... so we can still have a #felonyfriday with junior in it.,@realDonaldTrump @WhiteHouse For the next $MCD $DPZ $WEN din dins? Don‚Äôt lose my invite again pls,@realDonaldTrump @WhiteHouse Do not sign it...it is is got a lot of bad things; they are already paid ting you as a loser to take the deal,@realDonaldTrump @POTUS @WhiteHouse Go team Donny üí™üèº,"@realDonaldTrump @WhiteHouse We know you are listening to We the People!! Build the wall &amp; watch out for sneaky, dumb spending. We want OUR money to go towards good things!",@realDonaldTrump @WhiteHouse Don't sign it
https://t.co/BS162NF8HC,@realDonaldTrump Nope.,"@realDonaldTrump Fuvk your ridiculous wall and do something about this instead!
""More than 1,200 school-aged children were shot to death in the United States in the year since the Parkland, Florida, school shooting that left 17 dead."" https://t.co/kwouOj1Y5G",@realDonaldTrump This just in... the 2 caravans D-Bag warned us about attempted to cross the border today..about 300 women and children in each caravan! The entire Southwest should be on alert for kids with duct taped moms. Hopefully the 3500 soldiers were positioned to take them out.,@realDonaldTrump üôÑ https://t.co/rs48onNmmR,@realDonaldTrump We will take it down when you‚Äôre gone,@realDonaldTrump https://t.co/36ooJycAEg,"@realDonaldTrump Good, now please someone tell Juan Williams because he said tonight on The Five that this was a lie ‚Ä¶‚Ä¶‚Ä¶‚Ä¶..","@realDonaldTrump D.E.F.L.E.C.T.I.O.N.

MUELLER... MANAFORT

PRISON","@realDonaldTrump Trump supporters! Open your minds, forget about our differences, read and contemplate for a few minutes. Don‚Äôt you find this peculiar? Otherwise, explain this behaviour. Thanks! https://t.co/3D655QuUn0"
https://t.co/ruL7Ctpdak,@realDonaldTrump You got your a&amp;$ handed to ya. It‚Äôs a big one...at least 239 all by itself. Womp. Womp.,@realDonaldTrump everify no DACA no chain,@realDonaldTrump Better be a wall!,@realDonaldTrump https://t.co/RfFrJ66Tnh,@realDonaldTrump Fake news by Fox News!!!,@realDonaldTrump And @FoxNews polls LIE,@realDonaldTrump More fake news,"@realDonaldTrump But those same 66% think that Hillary runs a pedophile ring out of a pizza parlor, a 2,000 year old invisible zombie in the sky is watching their every move, and that you're a good person, so you have to keep it in perspective.",@realDonaldTrump You do realize this poll is made up to cover the fact you wanted $5.6 billion but got less than 2 billion for it! üòÇüòÇ Fat Nixon
